{
  "table_of_contents": [
    {
      "title": "3 Development environment",
      "heading_level": null,
      "page_id": 0,
      "polygon": [
        [
          66.8212890625,
          89.2158203125
        ],
        [
          325.9716796875,
          89.2158203125
        ],
        [
          325.9716796875,
          106.09716796875
        ],
        [
          66.8212890625,
          106.09716796875
        ]
      ]
    },
    {
      "title": "3.1 System requirements",
      "heading_level": null,
      "page_id": 0,
      "polygon": [
        [
          65.6591796875,
          129.91796875
        ],
        [
          266.2862243652344,
          129.91796875
        ],
        [
          266.2862243652344,
          144.4228515625
        ],
        [
          65.6591796875,
          144.4228515625
        ]
      ]
    },
    {
      "title": "3.2 Development toolchains",
      "heading_level": null,
      "page_id": 0,
      "polygon": [
        [
          66.240234375,
          203.5107421875
        ],
        [
          285.7757568359375,
          203.5107421875
        ],
        [
          285.7757568359375,
          218.40289306640625
        ],
        [
          66.240234375,
          218.40289306640625
        ]
      ]
    },
    {
      "title": "3.3 EDA resources",
      "heading_level": null,
      "page_id": 0,
      "polygon": [
        [
          65.6591796875,
          293.46282958984375
        ],
        [
          223.7269287109375,
          293.46282958984375
        ],
        [
          223.7269287109375,
          307.44287109375
        ],
        [
          65.6591796875,
          307.44287109375
        ]
      ]
    }
  ],
  "page_stats": [
    {
      "page_id": 0,
      "text_extraction_method": "pdftext",
      "block_counts": [
        [
          "Span",
          50
        ],
        [
          "Line",
          18
        ],
        [
          "ListItem",
          5
        ],
        [
          "SectionHeader",
          4
        ],
        [
          "Footnote",
          4
        ],
        [
          "PageHeader",
          2
        ],
        [
          "Text",
          2
        ],
        [
          "ListGroup",
          2
        ],
        [
          "Picture",
          1
        ],
        [
          "PictureGroup",
          1
        ]
      ],
      "block_metadata": {
        "llm_request_count": 0,
        "llm_error_count": 0,
        "llm_tokens_used": 0,
        "previous_text": "",
        "previous_type": "",
        "previous_order": 0
      }
    }
  ],
  "debug_data_path": "debug_data/03_3 Development environment"
}